figure_file,manuscript_label,figure_group,description,reproducibility_level,included_pdf,processed_data,plotting_script,notes
sigma_vec.pdf,fig:sigma_vec,definitions,AHC vector decomposition schematic,1,figures/paper/sigma_vec.pdf,data/processed/static_schematics/README.md,scripts/reproduce_figures/README.md,Exact manuscript PDF is included.
bcc_111.pdf,fig:bcc_planes,definitions,Definition of the (111) magnetization-rotation plane,1,figures/paper/bcc_111.pdf,data/processed/static_schematics/README.md,scripts/reproduce_figures/README.md,Exact manuscript PDF is included.
bcc_103.pdf,fig:bcc_planes,definitions,Definition of the (103) magnetization-rotation plane,1,figures/paper/bcc_103.pdf,data/processed/static_schematics/README.md,scripts/reproduce_figures/README.md,Exact manuscript PDF is included.
structure.pdf,fig:structure,calculation_setup,bcc Fe crystal structure,1,figures/paper/structure.pdf,data/processed/static_schematics/README.md,scripts/reproduce_figures/README.md,Exact manuscript PDF is included.
band_bond.pdf,fig:band_bond,decomposition_validation,Band convergence with SAMB bond range,3,figures/paper/band_bond.pdf,docs/data_inventory.md,scripts/workflow/generate_large_files.md,Exact PDF is included; full regeneration needs large Hamiltonian and band data.
bar_ed_all_35.pdf,fig:zcoeff_all,multipole_coefficients,Top multipole coefficients for the TRS-Wannier Hamiltonian,3,figures/paper/bar_ed_all_35.pdf,data/processed/multipole_coefficients/README.md,scripts/reproduce_figures/plot_multipole_coefficients.py,Exact PDF is included; coefficient extraction requires generated HDF5 files.
bar_ed_wo_q_35.pdf,fig:zcoeff_wo_q,multipole_coefficients,Top non-electric multipole coefficients,3,figures/paper/bar_ed_wo_q_35.pdf,data/processed/multipole_coefficients/README.md,scripts/reproduce_figures/plot_multipole_coefficients.py,Exact PDF is included; coefficient extraction requires generated HDF5 files.
MP86479.pdf,fig:MP86479,multipole_schematic,Schematic of SAMB z_86479,1,figures/paper/MP86479.pdf,data/processed/static_schematics/README.md,scripts/reproduce_figures/README.md,Exact QtDraw PDF is included.
MP86701.pdf,fig:MP86701,multipole_schematic,Schematic of SAMB z_86701,1,figures/paper/MP86701.pdf,data/processed/static_schematics/README.md,scripts/reproduce_figures/README.md,Exact QtDraw PDF is included.
MP86672.pdf,fig:MP86672,multipole_schematic,Schematic of SAMB z_86672,1,figures/paper/MP86672.pdf,data/processed/static_schematics/README.md,scripts/reproduce_figures/README.md,Exact QtDraw PDF is included.
MP87119.pdf,fig:MP87119,multipole_schematic,Schematic of SAMB z_87119,1,figures/paper/MP87119.pdf,data/processed/static_schematics/README.md,scripts/reproduce_figures/README.md,Exact QtDraw PDF is included.
fit_ahc_para.pdf,fig:ahc_111,ahc_111,(111) sigma_parallel angular dependence,1,figures/paper/fit_ahc_para.pdf,data/processed/ahc_111/ahc_angle_dependence.csv,scripts/reproduce_figures/plot_ahc_111.py,Exact manuscript PDF and processed CSV are included.
fit_ahc_perp.pdf,fig:ahc_111,ahc_111,(111) sigma_perp angular dependence,1,figures/paper/fit_ahc_perp.pdf,data/processed/ahc_111/ahc_angle_dependence.csv,scripts/reproduce_figures/plot_ahc_111.py,Exact manuscript PDF and processed CSV are included.
fit_ahc_axis.pdf,fig:ahc_111,ahc_111,(111) sigma_n angular dependence,1,figures/paper/fit_ahc_axis.pdf,data/processed/ahc_111/ahc_angle_dependence.csv,scripts/reproduce_figures/plot_ahc_111.py,Exact manuscript PDF and processed CSV are included.
fit_ahc_para_103.pdf,fig:ahc_103,ahc_103,(103) sigma_parallel angular dependence,1,figures/paper/fit_ahc_para_103.pdf,data/processed/ahc_103/ahc_angle_dependence.csv,scripts/reproduce_figures/plot_ahc_103.py,Exact manuscript PDF and processed CSV are included.
fit_ahc_perp_103.pdf,fig:ahc_103,ahc_103,(103) sigma_perp angular dependence,1,figures/paper/fit_ahc_perp_103.pdf,data/processed/ahc_103/ahc_angle_dependence.csv,scripts/reproduce_figures/plot_ahc_103.py,Exact manuscript PDF and processed CSV are included.
fit_ahc_axis_103.pdf,fig:ahc_103,ahc_103,(103) sigma_n angular dependence,1,figures/paper/fit_ahc_axis_103.pdf,data/processed/ahc_103/ahc_angle_dependence.csv,scripts/reproduce_figures/plot_ahc_103.py,Exact manuscript PDF and processed CSV are included.
sigma_para_group1.pdf,fig:rank103_all,rank_resolved_103,Rank-cumulative group 1 sigma_parallel,1,figures/paper/sigma_para_group1.pdf,data/processed/rank_resolved_103/rank_resolved_ahc.csv,scripts/reproduce_figures/plot_rank_resolved_103.py,Exact manuscript PDF and processed CSV are included.
sigma_perp_group1.pdf,fig:rank103_all,rank_resolved_103,Rank-cumulative group 1 sigma_perp,1,figures/paper/sigma_perp_group1.pdf,data/processed/rank_resolved_103/rank_resolved_ahc.csv,scripts/reproduce_figures/plot_rank_resolved_103.py,Exact manuscript PDF and processed CSV are included.
sigma_axis_group1.pdf,fig:rank103_all,rank_resolved_103,Rank-cumulative group 1 sigma_n,1,figures/paper/sigma_axis_group1.pdf,data/processed/rank_resolved_103/rank_resolved_ahc.csv,scripts/reproduce_figures/plot_rank_resolved_103.py,Exact manuscript PDF and processed CSV are included.
sigma_para_group2.pdf,fig:rank103_all,rank_resolved_103,Rank-cumulative group 2 sigma_parallel,1,figures/paper/sigma_para_group2.pdf,data/processed/rank_resolved_103/rank_resolved_ahc.csv,scripts/reproduce_figures/plot_rank_resolved_103.py,Exact manuscript PDF and processed CSV are included.
sigma_perp_group2.pdf,fig:rank103_all,rank_resolved_103,Rank-cumulative group 2 sigma_perp,1,figures/paper/sigma_perp_group2.pdf,data/processed/rank_resolved_103/rank_resolved_ahc.csv,scripts/reproduce_figures/plot_rank_resolved_103.py,Exact manuscript PDF and processed CSV are included.
sigma_axis_group2.pdf,fig:rank103_all,rank_resolved_103,Rank-cumulative group 2 sigma_n,1,figures/paper/sigma_axis_group2.pdf,data/processed/rank_resolved_103/rank_resolved_ahc.csv,scripts/reproduce_figures/plot_rank_resolved_103.py,Exact manuscript PDF and processed CSV are included.
sigma_para_group3.pdf,fig:rank103_all,rank_resolved_103,Rank-cumulative group 3 sigma_parallel,1,figures/paper/sigma_para_group3.pdf,data/processed/rank_resolved_103/rank_resolved_ahc.csv,scripts/reproduce_figures/plot_rank_resolved_103.py,Exact manuscript PDF and processed CSV are included.
sigma_perp_group3.pdf,fig:rank103_all,rank_resolved_103,Rank-cumulative group 3 sigma_perp,1,figures/paper/sigma_perp_group3.pdf,data/processed/rank_resolved_103/rank_resolved_ahc.csv,scripts/reproduce_figures/plot_rank_resolved_103.py,Exact manuscript PDF and processed CSV are included.
sigma_axis_group3.pdf,fig:rank103_all,rank_resolved_103,Rank-cumulative group 3 sigma_n,1,figures/paper/sigma_axis_group3.pdf,data/processed/rank_resolved_103/rank_resolved_ahc.csv,scripts/reproduce_figures/plot_rank_resolved_103.py,Exact manuscript PDF and processed CSV are included.
sigma_para.pdf,fig:rank103_single,rank_resolved_103,Single-rank sigma_parallel comparison,2,figures/paper/sigma_para.pdf,data/processed/rank_resolved_103/metadata.json,scripts/reproduce_figures/plot_rank_resolved_103.py,Exact PDF is included; single-rank CSV extraction is a follow-up.
sigma_perp.pdf,fig:rank103_single,rank_resolved_103,Single-rank sigma_perp comparison,2,figures/paper/sigma_perp.pdf,data/processed/rank_resolved_103/metadata.json,scripts/reproduce_figures/plot_rank_resolved_103.py,Exact PDF is included; single-rank CSV extraction is a follow-up.
sigma_axis.pdf,fig:rank103_single,rank_resolved_103,Single-rank sigma_n comparison,2,figures/paper/sigma_axis.pdf,data/processed/rank_resolved_103/metadata.json,scripts/reproduce_figures/plot_rank_resolved_103.py,Exact PDF is included; single-rank CSV extraction is a follow-up.
structure_p20.pdf,fig:Fe_structures,strain_103,Positive [103] strain structure,1,figures/paper/structure_p20.pdf,data/processed/static_schematics/README.md,scripts/reproduce_figures/README.md,Exact manuscript PDF is included.
structure_m20.pdf,fig:Fe_structures,strain_103,Negative [103] strain structure,1,figures/paper/structure_m20.pdf,data/processed/static_schematics/README.md,scripts/reproduce_figures/README.md,Exact manuscript PDF is included.
sigma_plus_strain_sigma_axis.pdf,fig:strain_103,strain_103,Tensile-strain sigma_n angular dependence,1,figures/paper/sigma_plus_strain_sigma_axis.pdf,data/processed/strain_103/strain_plus_ahc.csv,scripts/reproduce_figures/plot_strain_103.py,Exact manuscript PDF and processed CSV are included.
sigma_minus_strain_sigma_axis.pdf,fig:strain_103,strain_103,Compressive-strain sigma_n angular dependence,1,figures/paper/sigma_minus_strain_sigma_axis.pdf,data/processed/strain_103/strain_minus_ahc.csv,scripts/reproduce_figures/plot_strain_103.py,Exact manuscript PDF and processed CSV are included.
sigma_axis_model_1st_nn.pdf,fig:model_103,minimal_model,Minimal model first-nearest-neighbor MT hopping scan,2,figures/paper/sigma_axis_model_1st_nn.pdf,data/processed/minimal_model/README.md,scripts/reproduce_figures/plot_minimal_model.py,Exact PDF is included; compact model CSV extraction is a follow-up.
sigma_axis_model_2nd_nn.pdf,fig:model_103,minimal_model,Minimal model second-nearest-neighbor MT hopping scan,2,figures/paper/sigma_axis_model_2nd_nn.pdf,data/processed/minimal_model/README.md,scripts/reproduce_figures/plot_minimal_model.py,Exact PDF is included; compact model CSV extraction is a follow-up.
