scan,parameter_value,phi_deg,sigma_axis,source_tree,source_file
first_nn,0,0,0.00000000,1st_nn_t2_0,t_T_0.0/psi_0/sigma_ahc_eta1.00meV.txt
first_nn,0,15,-0.00000000,1st_nn_t2_0,t_T_0.0/psi_15/sigma_ahc_eta1.00meV.txt
first_nn,0,30,-0.00000000,1st_nn_t2_0,t_T_0.0/psi_30/sigma_ahc_eta1.00meV.txt
first_nn,0,45,0.00000000,1st_nn_t2_0,t_T_0.0/psi_45/sigma_ahc_eta1.00meV.txt
first_nn,0,60,0.00000000,1st_nn_t2_0,t_T_0.0/psi_60/sigma_ahc_eta1.00meV.txt
first_nn,0,75,0.00000000,1st_nn_t2_0,t_T_0.0/psi_75/sigma_ahc_eta1.00meV.txt
first_nn,0,90,0.00000000,1st_nn_t2_0,t_T_0.0/psi_90/sigma_ahc_eta1.00meV.txt
first_nn,0,105,0.00000000,1st_nn_t2_0,t_T_0.0/psi_105/sigma_ahc_eta1.00meV.txt
first_nn,0,120,0.00000000,1st_nn_t2_0,t_T_0.0/psi_120/sigma_ahc_eta1.00meV.txt
first_nn,0,135,0.00000000,1st_nn_t2_0,t_T_0.0/psi_135/sigma_ahc_eta1.00meV.txt
first_nn,0,150,0.00000000,1st_nn_t2_0,t_T_0.0/psi_150/sigma_ahc_eta1.00meV.txt
first_nn,0,165,-0.00000000,1st_nn_t2_0,t_T_0.0/psi_165/sigma_ahc_eta1.00meV.txt
first_nn,0,180,0.00000000,1st_nn_t2_0,t_T_0.0/psi_180/sigma_ahc_eta1.00meV.txt
first_nn,0.05,0,-0.00000000,1st_nn_t2_0,t_T_0.05/psi_0/sigma_ahc_eta1.00meV.txt
first_nn,0.05,15,0.00337213,1st_nn_t2_0,t_T_0.05/psi_15/sigma_ahc_eta1.00meV.txt
first_nn,0.05,30,0.02473594,1st_nn_t2_0,t_T_0.05/psi_30/sigma_ahc_eta1.00meV.txt
first_nn,0.05,45,0.07167815,1st_nn_t2_0,t_T_0.05/psi_45/sigma_ahc_eta1.00meV.txt
first_nn,0.05,60,0.13501110,1st_nn_t2_0,t_T_0.05/psi_60/sigma_ahc_eta1.00meV.txt
first_nn,0.05,75,0.19088520,1st_nn_t2_0,t_T_0.05/psi_75/sigma_ahc_eta1.00meV.txt
first_nn,0.05,90,0.21329436,1st_nn_t2_0,t_T_0.05/psi_90/sigma_ahc_eta1.00meV.txt
first_nn,0.05,105,0.19088520,1st_nn_t2_0,t_T_0.05/psi_105/sigma_ahc_eta1.00meV.txt
first_nn,0.05,120,0.13501110,1st_nn_t2_0,t_T_0.05/psi_120/sigma_ahc_eta1.00meV.txt
first_nn,0.05,135,0.07167815,1st_nn_t2_0,t_T_0.05/psi_135/sigma_ahc_eta1.00meV.txt
first_nn,0.05,150,0.02473594,1st_nn_t2_0,t_T_0.05/psi_150/sigma_ahc_eta1.00meV.txt
first_nn,0.05,165,0.00337213,1st_nn_t2_0,t_T_0.05/psi_165/sigma_ahc_eta1.00meV.txt
first_nn,0.05,180,0.00000000,1st_nn_t2_0,t_T_0.05/psi_180/sigma_ahc_eta1.00meV.txt
first_nn,0.1,0,0.00000000,1st_nn_t2_0,t_T_0.1/psi_0/sigma_ahc_eta1.00meV.txt
first_nn,0.1,15,0.03453334,1st_nn_t2_0,t_T_0.1/psi_15/sigma_ahc_eta1.00meV.txt
first_nn,0.1,30,0.26144763,1st_nn_t2_0,t_T_0.1/psi_30/sigma_ahc_eta1.00meV.txt
first_nn,0.1,45,0.79462124,1st_nn_t2_0,t_T_0.1/psi_45/sigma_ahc_eta1.00meV.txt
first_nn,0.1,60,1.57999282,1st_nn_t2_0,t_T_0.1/psi_60/sigma_ahc_eta1.00meV.txt
first_nn,0.1,75,2.33612408,1st_nn_t2_0,t_T_0.1/psi_75/sigma_ahc_eta1.00meV.txt
first_nn,0.1,90,2.65692861,1st_nn_t2_0,t_T_0.1/psi_90/sigma_ahc_eta1.00meV.txt
first_nn,0.1,105,2.33612408,1st_nn_t2_0,t_T_0.1/psi_105/sigma_ahc_eta1.00meV.txt
first_nn,0.1,120,1.57999282,1st_nn_t2_0,t_T_0.1/psi_120/sigma_ahc_eta1.00meV.txt
first_nn,0.1,135,0.79462124,1st_nn_t2_0,t_T_0.1/psi_135/sigma_ahc_eta1.00meV.txt
first_nn,0.1,150,0.26144763,1st_nn_t2_0,t_T_0.1/psi_150/sigma_ahc_eta1.00meV.txt
first_nn,0.1,165,0.03453334,1st_nn_t2_0,t_T_0.1/psi_165/sigma_ahc_eta1.00meV.txt
first_nn,0.1,180,-0.00000000,1st_nn_t2_0,t_T_0.1/psi_180/sigma_ahc_eta1.00meV.txt
first_nn,0.15,0,0.00000000,1st_nn_t2_0,t_T_0.15/psi_0/sigma_ahc_eta1.00meV.txt
first_nn,0.15,15,0.10554323,1st_nn_t2_0,t_T_0.15/psi_15/sigma_ahc_eta1.00meV.txt
first_nn,0.15,30,0.81999947,1st_nn_t2_0,t_T_0.15/psi_30/sigma_ahc_eta1.00meV.txt
first_nn,0.15,45,2.60057809,1st_nn_t2_0,t_T_0.15/psi_45/sigma_ahc_eta1.00meV.txt
first_nn,0.15,60,5.46181229,1st_nn_t2_0,t_T_0.15/psi_60/sigma_ahc_eta1.00meV.txt
first_nn,0.15,75,8.50717011,1st_nn_t2_0,t_T_0.15/psi_75/sigma_ahc_eta1.00meV.txt
first_nn,0.15,90,9.89770455,1st_nn_t2_0,t_T_0.15/psi_90/sigma_ahc_eta1.00meV.txt
first_nn,0.15,105,8.50717011,1st_nn_t2_0,t_T_0.15/psi_105/sigma_ahc_eta1.00meV.txt
first_nn,0.15,120,5.46181229,1st_nn_t2_0,t_T_0.15/psi_120/sigma_ahc_eta1.00meV.txt
first_nn,0.15,135,2.60057809,1st_nn_t2_0,t_T_0.15/psi_135/sigma_ahc_eta1.00meV.txt
first_nn,0.15,150,0.81999947,1st_nn_t2_0,t_T_0.15/psi_150/sigma_ahc_eta1.00meV.txt
first_nn,0.15,165,0.10554323,1st_nn_t2_0,t_T_0.15/psi_165/sigma_ahc_eta1.00meV.txt
first_nn,0.15,180,0.00000000,1st_nn_t2_0,t_T_0.15/psi_180/sigma_ahc_eta1.00meV.txt
first_nn,0.2,0,-0.00000000,1st_nn_t2_0,t_T_0.2/psi_0/sigma_ahc_eta1.00meV.txt
first_nn,0.2,15,0.13646620,1st_nn_t2_0,t_T_0.2/psi_15/sigma_ahc_eta1.00meV.txt
first_nn,0.2,30,1.66772199,1st_nn_t2_0,t_T_0.2/psi_30/sigma_ahc_eta1.00meV.txt
first_nn,0.2,45,5.54315208,1st_nn_t2_0,t_T_0.2/psi_45/sigma_ahc_eta1.00meV.txt
first_nn,0.2,60,11.96757972,1st_nn_t2_0,t_T_0.2/psi_60/sigma_ahc_eta1.00meV.txt
first_nn,0.2,75,19.23229600,1st_nn_t2_0,t_T_0.2/psi_75/sigma_ahc_eta1.00meV.txt
first_nn,0.2,90,23.19100594,1st_nn_t2_0,t_T_0.2/psi_90/sigma_ahc_eta1.00meV.txt
first_nn,0.2,105,19.23229600,1st_nn_t2_0,t_T_0.2/psi_105/sigma_ahc_eta1.00meV.txt
first_nn,0.2,120,11.96757972,1st_nn_t2_0,t_T_0.2/psi_120/sigma_ahc_eta1.00meV.txt
first_nn,0.2,135,5.54315208,1st_nn_t2_0,t_T_0.2/psi_135/sigma_ahc_eta1.00meV.txt
first_nn,0.2,150,1.66772199,1st_nn_t2_0,t_T_0.2/psi_150/sigma_ahc_eta1.00meV.txt
first_nn,0.2,165,0.13646620,1st_nn_t2_0,t_T_0.2/psi_165/sigma_ahc_eta1.00meV.txt
first_nn,0.2,180,0.00000000,1st_nn_t2_0,t_T_0.2/psi_180/sigma_ahc_eta1.00meV.txt
second_nn,0,0,-0.00000000,2nd_nn_t1_0.2,t_T_0.0/psi_0/sigma_ahc_eta1.00meV.txt
second_nn,0,15,0.13646620,2nd_nn_t1_0.2,t_T_0.0/psi_15/sigma_ahc_eta1.00meV.txt
second_nn,0,30,1.66772199,2nd_nn_t1_0.2,t_T_0.0/psi_30/sigma_ahc_eta1.00meV.txt
second_nn,0,45,5.54315208,2nd_nn_t1_0.2,t_T_0.0/psi_45/sigma_ahc_eta1.00meV.txt
second_nn,0,60,11.96757972,2nd_nn_t1_0.2,t_T_0.0/psi_60/sigma_ahc_eta1.00meV.txt
second_nn,0,75,19.23229600,2nd_nn_t1_0.2,t_T_0.0/psi_75/sigma_ahc_eta1.00meV.txt
second_nn,0,90,23.19100594,2nd_nn_t1_0.2,t_T_0.0/psi_90/sigma_ahc_eta1.00meV.txt
second_nn,0,105,19.23229600,2nd_nn_t1_0.2,t_T_0.0/psi_105/sigma_ahc_eta1.00meV.txt
second_nn,0,120,11.96757972,2nd_nn_t1_0.2,t_T_0.0/psi_120/sigma_ahc_eta1.00meV.txt
second_nn,0,135,5.54315208,2nd_nn_t1_0.2,t_T_0.0/psi_135/sigma_ahc_eta1.00meV.txt
second_nn,0,150,1.66772199,2nd_nn_t1_0.2,t_T_0.0/psi_150/sigma_ahc_eta1.00meV.txt
second_nn,0,165,0.13646620,2nd_nn_t1_0.2,t_T_0.0/psi_165/sigma_ahc_eta1.00meV.txt
second_nn,0,180,0.00000000,2nd_nn_t1_0.2,t_T_0.0/psi_180/sigma_ahc_eta1.00meV.txt
second_nn,0.1,0,-0.00000000,2nd_nn_t1_0.2,t_T_0.1/psi_0/sigma_ahc_eta1.00meV.txt
second_nn,0.1,15,2.22803332,2nd_nn_t1_0.2,t_T_0.1/psi_15/sigma_ahc_eta1.00meV.txt
second_nn,0.1,30,1.31891802,2nd_nn_t1_0.2,t_T_0.1/psi_30/sigma_ahc_eta1.00meV.txt
second_nn,0.1,45,2.31641076,2nd_nn_t1_0.2,t_T_0.1/psi_45/sigma_ahc_eta1.00meV.txt
second_nn,0.1,60,7.82326211,2nd_nn_t1_0.2,t_T_0.1/psi_60/sigma_ahc_eta1.00meV.txt
second_nn,0.1,75,10.20932172,2nd_nn_t1_0.2,t_T_0.1/psi_75/sigma_ahc_eta1.00meV.txt
second_nn,0.1,90,10.21735391,2nd_nn_t1_0.2,t_T_0.1/psi_90/sigma_ahc_eta1.00meV.txt
second_nn,0.1,105,10.20932172,2nd_nn_t1_0.2,t_T_0.1/psi_105/sigma_ahc_eta1.00meV.txt
second_nn,0.1,120,7.82326211,2nd_nn_t1_0.2,t_T_0.1/psi_120/sigma_ahc_eta1.00meV.txt
second_nn,0.1,135,2.31641076,2nd_nn_t1_0.2,t_T_0.1/psi_135/sigma_ahc_eta1.00meV.txt
second_nn,0.1,150,1.31891802,2nd_nn_t1_0.2,t_T_0.1/psi_150/sigma_ahc_eta1.00meV.txt
second_nn,0.1,165,2.22803332,2nd_nn_t1_0.2,t_T_0.1/psi_165/sigma_ahc_eta1.00meV.txt
second_nn,0.1,180,-0.00000000,2nd_nn_t1_0.2,t_T_0.1/psi_180/sigma_ahc_eta1.00meV.txt
second_nn,0.11,0,-0.00000000,2nd_nn_t1_0.2,t_T_0.11/psi_0/sigma_ahc_eta1.00meV.txt
second_nn,0.11,15,1.95176093,2nd_nn_t1_0.2,t_T_0.11/psi_15/sigma_ahc_eta1.00meV.txt
second_nn,0.11,30,2.04593167,2nd_nn_t1_0.2,t_T_0.11/psi_30/sigma_ahc_eta1.00meV.txt
second_nn,0.11,45,3.79010804,2nd_nn_t1_0.2,t_T_0.11/psi_45/sigma_ahc_eta1.00meV.txt
second_nn,0.11,60,6.42311340,2nd_nn_t1_0.2,t_T_0.11/psi_60/sigma_ahc_eta1.00meV.txt
second_nn,0.11,75,8.07202363,2nd_nn_t1_0.2,t_T_0.11/psi_75/sigma_ahc_eta1.00meV.txt
second_nn,0.11,90,8.96485794,2nd_nn_t1_0.2,t_T_0.11/psi_90/sigma_ahc_eta1.00meV.txt
second_nn,0.11,105,8.07202363,2nd_nn_t1_0.2,t_T_0.11/psi_105/sigma_ahc_eta1.00meV.txt
second_nn,0.11,120,6.42311340,2nd_nn_t1_0.2,t_T_0.11/psi_120/sigma_ahc_eta1.00meV.txt
second_nn,0.11,135,3.79010804,2nd_nn_t1_0.2,t_T_0.11/psi_135/sigma_ahc_eta1.00meV.txt
second_nn,0.11,150,2.04593167,2nd_nn_t1_0.2,t_T_0.11/psi_150/sigma_ahc_eta1.00meV.txt
second_nn,0.11,165,1.95176093,2nd_nn_t1_0.2,t_T_0.11/psi_165/sigma_ahc_eta1.00meV.txt
second_nn,0.11,180,-0.00000000,2nd_nn_t1_0.2,t_T_0.11/psi_180/sigma_ahc_eta1.00meV.txt
second_nn,0.12,0,-0.00000000,2nd_nn_t1_0.2,t_T_0.12/psi_0/sigma_ahc_eta1.00meV.txt
second_nn,0.12,15,0.03874138,2nd_nn_t1_0.2,t_T_0.12/psi_15/sigma_ahc_eta1.00meV.txt
second_nn,0.12,30,2.78166908,2nd_nn_t1_0.2,t_T_0.12/psi_30/sigma_ahc_eta1.00meV.txt
second_nn,0.12,45,2.99828162,2nd_nn_t1_0.2,t_T_0.12/psi_45/sigma_ahc_eta1.00meV.txt
second_nn,0.12,60,5.51848189,2nd_nn_t1_0.2,t_T_0.12/psi_60/sigma_ahc_eta1.00meV.txt
second_nn,0.12,75,6.43548992,2nd_nn_t1_0.2,t_T_0.12/psi_75/sigma_ahc_eta1.00meV.txt
second_nn,0.12,90,4.94818915,2nd_nn_t1_0.2,t_T_0.12/psi_90/sigma_ahc_eta1.00meV.txt
second_nn,0.12,105,6.43548992,2nd_nn_t1_0.2,t_T_0.12/psi_105/sigma_ahc_eta1.00meV.txt
second_nn,0.12,120,5.51848189,2nd_nn_t1_0.2,t_T_0.12/psi_120/sigma_ahc_eta1.00meV.txt
second_nn,0.12,135,2.99828162,2nd_nn_t1_0.2,t_T_0.12/psi_135/sigma_ahc_eta1.00meV.txt
second_nn,0.12,150,2.78166908,2nd_nn_t1_0.2,t_T_0.12/psi_150/sigma_ahc_eta1.00meV.txt
second_nn,0.12,165,0.03874138,2nd_nn_t1_0.2,t_T_0.12/psi_165/sigma_ahc_eta1.00meV.txt
second_nn,0.12,180,0.00000000,2nd_nn_t1_0.2,t_T_0.12/psi_180/sigma_ahc_eta1.00meV.txt
second_nn,0.13,0,0.00000000,2nd_nn_t1_0.2,t_T_0.13/psi_0/sigma_ahc_eta1.00meV.txt
second_nn,0.13,15,-0.55210522,2nd_nn_t1_0.2,t_T_0.13/psi_15/sigma_ahc_eta1.00meV.txt
second_nn,0.13,30,3.47381640,2nd_nn_t1_0.2,t_T_0.13/psi_30/sigma_ahc_eta1.00meV.txt
second_nn,0.13,45,2.22277667,2nd_nn_t1_0.2,t_T_0.13/psi_45/sigma_ahc_eta1.00meV.txt
second_nn,0.13,60,4.99231715,2nd_nn_t1_0.2,t_T_0.13/psi_60/sigma_ahc_eta1.00meV.txt
second_nn,0.13,75,3.39241843,2nd_nn_t1_0.2,t_T_0.13/psi_75/sigma_ahc_eta1.00meV.txt
second_nn,0.13,90,0.17765455,2nd_nn_t1_0.2,t_T_0.13/psi_90/sigma_ahc_eta1.00meV.txt
second_nn,0.13,105,3.39241843,2nd_nn_t1_0.2,t_T_0.13/psi_105/sigma_ahc_eta1.00meV.txt
second_nn,0.13,120,4.99231715,2nd_nn_t1_0.2,t_T_0.13/psi_120/sigma_ahc_eta1.00meV.txt
second_nn,0.13,135,2.22277667,2nd_nn_t1_0.2,t_T_0.13/psi_135/sigma_ahc_eta1.00meV.txt
second_nn,0.13,150,3.47381640,2nd_nn_t1_0.2,t_T_0.13/psi_150/sigma_ahc_eta1.00meV.txt
second_nn,0.13,165,-0.55210522,2nd_nn_t1_0.2,t_T_0.13/psi_165/sigma_ahc_eta1.00meV.txt
second_nn,0.13,180,-0.00000000,2nd_nn_t1_0.2,t_T_0.13/psi_180/sigma_ahc_eta1.00meV.txt
second_nn,0.14,0,0.00000000,2nd_nn_t1_0.2,t_T_0.14/psi_0/sigma_ahc_eta1.00meV.txt
second_nn,0.14,15,-0.21888812,2nd_nn_t1_0.2,t_T_0.14/psi_15/sigma_ahc_eta1.00meV.txt
second_nn,0.14,30,2.00079268,2nd_nn_t1_0.2,t_T_0.14/psi_30/sigma_ahc_eta1.00meV.txt
second_nn,0.14,45,5.93124387,2nd_nn_t1_0.2,t_T_0.14/psi_45/sigma_ahc_eta1.00meV.txt
second_nn,0.14,60,4.13819133,2nd_nn_t1_0.2,t_T_0.14/psi_60/sigma_ahc_eta1.00meV.txt
second_nn,0.14,75,2.07322718,2nd_nn_t1_0.2,t_T_0.14/psi_75/sigma_ahc_eta1.00meV.txt
second_nn,0.14,90,-0.48791636,2nd_nn_t1_0.2,t_T_0.14/psi_90/sigma_ahc_eta1.00meV.txt
second_nn,0.14,105,2.07322718,2nd_nn_t1_0.2,t_T_0.14/psi_105/sigma_ahc_eta1.00meV.txt
second_nn,0.14,120,4.13819133,2nd_nn_t1_0.2,t_T_0.14/psi_120/sigma_ahc_eta1.00meV.txt
second_nn,0.14,135,5.93124387,2nd_nn_t1_0.2,t_T_0.14/psi_135/sigma_ahc_eta1.00meV.txt
second_nn,0.14,150,2.00079268,2nd_nn_t1_0.2,t_T_0.14/psi_150/sigma_ahc_eta1.00meV.txt
second_nn,0.14,165,-0.21888812,2nd_nn_t1_0.2,t_T_0.14/psi_165/sigma_ahc_eta1.00meV.txt
second_nn,0.14,180,-0.00000000,2nd_nn_t1_0.2,t_T_0.14/psi_180/sigma_ahc_eta1.00meV.txt
